"id","tags"
"1","quantum-mechanics particle-physics angular-momentum quantum-spin"
"2","particle-physics string-theory"
"3","particle-physics group-theory representation-theory"
"7","quantum-mechanics quantum-interpretations uncertainty-principle determinism"
"9","quantum-mechanics lagrangian-formalism variational-principle action"
"13","acoustics definition"
"15","string-theory experimental-physics"
"17","optics visible-light scattering atmospheric-science faq"
"19","particle-physics higgs"
"21","simulation"
"24","momentum stability newtonian-mechanics"
"26","electromagnetism projectile"
"27","quantum-mechanics measurement-problem wavefunction-collapse epistemology"
"29","homework-and-exercises kinematics speed"
"31","special-relativity popular-science"
"32","fluid-dynamics water vortex coriolis-effect"
"35","electromagnetism forces magnetic-fields energy-conservation"
"37","general-relativity string-theory theory-of-everything"
"41","quantum-field-theory mathematical-physics"
"49","sensor applied-physics"
"52","electromagnetism magnetic-fields"
"62","accelerator-physics large-hadron-collider"
"68","electromagnetic-radiation polarization wavelength"
"71","optics laser"
"72","protons x-rays medical-physics"
"73","quantum-mechanics mathematical-physics integrable-systems"
"75","mnemonic material-science"
"78","particle-physics pauli-exclusion-principle neutrons neutron-stars"
"79","quantum-mechanics entanglement epr-experiment"
"83","optics photons laser quantum-optics"
"85","mass standard-model protons neutrons isospin-symmetry"
"89","general-relativity gravity newtonian-gravity"
"90","astrophysics neutron-stars pulsars"
"93","electrostatics spacetime dimensions gauss-law coulombs-law"
"94","optics experimental-physics laser polarization"
"95","cosmology dark-matter cosmological-inflation dark-energy modified-gravity"
"98","isotope binding-energy nuclear-physics"
"100","nuclear-physics nuclear-engineering"
"101","particle-physics accelerator-physics tevatron"
"102","newtonian-mechanics forces newtonian-gravity centripetal-force free-body-diagram"
"111","classical-mechanics hamiltonian-formalism lagrangian-formalism resource-recommendations"
"115","hamiltonian-formalism numerics"
"122","quantum-mechanics particle-physics mass discrete binding-energy"
"123","astrophysics measurement"
"127","software"
"129","standard-model higgs-boson large-hadron-collider"
"134","quantum-mechanics"
"139","particle-physics experimental-physics mass neutrinos"
"141","fluid-dynamics resource-recommendations data-analysis atmospheric-science climate-science"
"142","water physical-chemistry applied-physics"
"145","applied-physics thermodynamics"
"147","quantum-mechanics quantum-spin"
"156","magnetic-fields earth sun atmospheric-science"
"159","forces terminology vectors"
"160","classical-mechanics education experimental-physics home-experiment"
"166","fusion renewable-energy"
"167","forces order-of-magnitude magnetohydrodynamics electromagnetism estimation"
"168","thermodynamics reversibility"
"173","newtonian-mechanics acceleration"
"185","experimental-physics standard-model particle-physics higgs-boson"
"186","classical-mechanics acceleration homework-and-exercises rotational-dynamics"
"191","electromagnetism"
"193","mathematical-physics resource-recommendations education mathematics"
"196","special-relativity time-travel faster-than-light causality"
"197","electromagnetism photons carrier-particles"
"198","particle-physics standard-model models"
"202","acoustics fourier-transform nature"
"208","newtonian-mechanics newtonian-gravity mass-energy solar-system tidal-effect"
"312","particle-physics resource-recommendations standard-model"
"503","special-relativity"
"879","mathematical-physics group-theory group-representations lie-algebra"
"1073","general-relativity string-theory spacetime quantization"
"1075","thermodynamics statistical-mechanics home-experiment"
"1077","electromagnetism gravity pauli-exclusion-principle"
"1112","electromagnetism"
"1869","string-theory"
"2147","electromagnetism waves faster-than-light phase-velocity"
"2594","quantum-field-theory string-theory effective-action supergravity"
"10233","thermodynamics statistical-mechanics identical-particles"
"35528","black-holes neutron-stars supernova"
"38823","fluid-dynamics air aircraft evaporation"
"41132","statistics data-analysis"
"54415","mass quantum-gravity higgs-boson carrier-particles"
"59637","specific-reference home-experiment laser"
"71257","fluid-dynamics resource-recommendations education aerodynamics"
"105957","fluid-dynamics newtonian-gravity pressure home-experiment"
"136587","thermodynamics thermal-radiation thermal-conductivity"
"249823","special-relativity inertial-frames observers thought-experiment"
"264269","quantum-mechanics hydrogen interactions dipole-moment"